{
  "view/View1.view.xml": 1670670258958,
  "Component.js": 1670670258938,
  "utils/locate-reuse-libs.js": 1670670258942,
  "model/models.js": 1670670258950,
  "controller/View1.controller.js": 1670670258958,
  "controller/App.controller.js": 1670670258950,
  "manifest.json": 1670670258942,
  "manifest-bundle.zip": 1670674349242,
  "Component-preload.js": 1670674349452,
  "Component-dbg.js": 1670670258938,
  "model/models-dbg.js": 1670670258950,
  "controller/View1-dbg.controller.js": 1670670258958,
  "controller/App-dbg.controller.js": 1670670258950,
  "utils/locate-reuse-libs-dbg.js": 1670670258942,
  "i18n/i18n.properties": 1670670258942,
  "view/App.view.xml": 1670670258954,
  "css/style.css": 1670670258950,
  "index.html": 1670670258938
}